100000, 100100, 100200, 100300, 100400, 100500, 100600, 100700, 100800, 100900, 101000, 101100, 101200, 101300, 101400 101500, 101600, 101700, 101800, 101900, 102000, 102100, 102200, 102300, 102400, 102500, 102600, 102700, 102800, 102900 103000, 103100, 103200, 103300, 103400, 103500, 103600, 103700, 103800, 103900, 104000, 104100, 104200, 104300, 104400 104500, 104600, 104700, 104800, 104900, 105000, 105100, 105200, 105300, 105400, 105500, 105600, 105700, 105800, 105900 106000, 106100, 106200, 106300, 106400, 106500, 106600, 106700, 106800, 106900, 107000, 107100, 107200, 107300, 107400 107500, 107600, 107700, 107800, 107900, 108000, 108100, 108200, 108300, 108400, 108500, 108600, 108700, 108800, 108900 109000, 109100, 109200, 109300, 109400, 109500, 109600, 109700, 109800, 109900,
100001, 100101, 100201, 100301, 100401, 100501, 100601, 100701, 100801, 100901, 101001, 101101, 101201, 101301, 101401 101501, 101601, 101701, 101801, 101901, 102001, 102101, 102201, 102301, 102401, 102501, 102601, 102701, 102801, 102901 103001, 103101, 103201, 103301, 103401, 103501, 103601, 103701, 103801, 103901, 104001, 104101, 104201, 104301, 104401 104501, 104601, 104701, 104801, 104901, 105001, 105101, 105201, 105301, 105401, 105501, 105601, 105701, 105801, 105901 106001, 106101, 106201, 106301, 106401, 106501, 106601, 106701, 106801, 106901, 107001, 107101, 107201, 107301, 107401 107501, 107601, 107701, 107801, 107901, 108001, 108101, 108201, 108301, 108401, 108501, 108601, 108701, 108801, 108901 109001, 109101, 109201, 109301, 109401, 109501, 109601, 109701, 109801, 109901,
100002, 100102, 100202, 100302, 100402, 100502, 100602, 100702, 100802, 100902, 101002, 101102, 101202, 101302, 101402 101502, 101602, 101702, 101802, 101902, 102002, 102102, 102202, 102302, 102402, 102502, 102602, 102702, 102802, 102902 103002, 103102, 103202, 103302, 103402, 103502, 103602, 103702, 103802, 103902, 104002, 104102, 104202, 104302, 104402 104502, 104602, 104702, 104802, 104902, 105002, 105102, 105202, 105302, 105402, 105502, 105602, 105702, 105802, 105902 106002, 106102, 106202, 106302, 106402, 106502, 106602, 106702, 106802, 106902, 107002, 107102, 107202, 107302, 107402 107502, 107602, 107702, 107802, 107902, 108002, 108102, 108202, 108302, 108402, 108502, 108602, 108702, 108802, 108902 109002, 109102, 109202, 109302, 109402, 109502, 109602, 109702, 109802, 109902,
100003, 100103, 100203, 100303, 100403, 100503, 100603, 100703, 100803, 100903, 101003, 101103, 101203, 101303, 101403 101503, 101603, 101703, 101803, 101903, 102003, 102103, 102203, 102303, 102403, 102503, 102603, 102703, 102803, 102903 103003, 103103, 103203, 103303, 103403, 103503, 103603, 103703, 103803, 103903, 104003, 104103, 104203, 104303, 104403 104503, 104603, 104703, 104803, 104903, 105003, 105103, 105203, 105303, 105403, 105503, 105603, 105703, 105803, 105903 106003, 106103, 106203, 106303, 106403, 106503, 106603, 106703, 106803, 106903, 107003, 107103, 107203, 107303, 107403 107503, 107603, 107703, 107803, 107903, 108003, 108103, 108203, 108303, 108403, 108503, 108603, 108703, 108803, 108903 109003, 109103, 109203, 109303, 109403, 109503, 109603, 109703, 109803, 109903,
100004, 100104, 100204, 100304, 100404, 100504, 100604, 100704, 100804, 100904, 101004, 101104, 101204, 101304, 101404 101504, 101604, 101704, 101804, 101904, 102004, 102104, 102204, 102304, 102404, 102504, 102604, 102704, 102804, 102904 103004, 103104, 103204, 103304, 103404, 103504, 103604, 103704, 103804, 103904, 104004, 104104, 104204, 104304, 104404 104504, 104604, 104704, 104804, 104904, 105004, 105104, 105204, 105304, 105404, 105504, 105604, 105704, 105804, 105904 106004, 106104, 106204, 106304, 106404, 106504, 106604, 106704, 106804, 106904, 107004, 107104, 107204, 107304, 107404 107504, 107604, 107704, 107804, 107904, 108004, 108104, 108204, 108304, 108404, 108504, 108604, 108704, 108804, 108904 109004, 109104, 109204, 109304, 109404, 109504, 109604, 109704, 109804, 109904,
100005, 100105, 100205, 100305, 100405, 100505, 100605, 100705, 100805, 100905, 101005, 101105, 101205, 101305, 101405 101505, 101605, 101705, 101805, 101905, 102005, 102105, 102205, 102305, 102405, 102505, 102605, 102705, 102805, 102905 103005, 103105, 103205, 103305, 103405, 103505, 103605, 103705, 103805, 103905, 104005, 104105, 104205, 104305, 104405 104505, 104605, 104705, 104805, 104905, 105005, 105105, 105205, 105305, 105405, 105505, 105605, 105705, 105805, 105905 106005, 106105, 106205, 106305, 106405, 106505, 106605, 106705, 106805, 106905, 107005, 107105, 107205, 107305, 107405 107505, 107605, 107705, 107805, 107905, 108005, 108105, 108205, 108305, 108405, 108505, 108605, 108705, 108805, 108905 109005, 109105, 109205, 109305, 109405, 109505, 109605, 109705, 109805, 109905,
100006, 100106, 100206, 100306, 100406, 100506, 100606, 100706, 100806, 100906, 101006, 101106, 101206, 101306, 101406 101506, 101606, 101706, 101806, 101906, 102006, 102106, 102206, 102306, 102406, 102506, 102606, 102706, 102806, 102906 103006, 103106, 103206, 103306, 103406, 103506, 103606, 103706, 103806, 103906, 104006, 104106, 104206, 104306, 104406 104506, 104606, 104706, 104806, 104906, 105006, 105106, 105206, 105306, 105406, 105506, 105606, 105706, 105806, 105906 106006, 106106, 106206, 106306, 106406, 106506, 106606, 106706, 106806, 106906, 107006, 107106, 107206, 107306, 107406 107506, 107606, 107706, 107806, 107906, 108006, 108106, 108206, 108306, 108406, 108506, 108606, 108706, 108806, 108906 109006, 109106, 109206, 109306, 109406, 109506, 109606, 109706, 109806, 109906,
100007, 100107, 100207, 100307, 100407, 100507, 100607, 100707, 100807, 100907, 101007, 101107, 101207, 101307, 101407 101507, 101607, 101707, 101807, 101907, 102007, 102107, 102207, 102307, 102407, 102507, 102607, 102707, 102807, 102907 103007, 103107, 103207, 103307, 103407, 103507, 103607, 103707, 103807, 103907, 104007, 104107, 104207, 104307, 104407 104507, 104607, 104707, 104807, 104907, 105007, 105107, 105207, 105307, 105407, 105507, 105607, 105707, 105807, 105907 106007, 106107, 106207, 106307, 106407, 106507, 106607, 106707, 106807, 106907, 107007, 107107, 107207, 107307, 107407 107507, 107607, 107707, 107807, 107907, 108007, 108107, 108207, 108307, 108407, 108507, 108607, 108707, 108807, 108907 109007, 109107, 109207, 109307, 109407, 109507, 109607, 109707, 109807, 109907,
100008, 100108, 100208, 100308, 100408, 100508, 100608, 100708, 100808, 100908, 101008, 101108, 101208, 101308, 101408 101508, 101608, 101708, 101808, 101908, 102008, 102108, 102208, 102308, 102408, 102508, 102608, 102708, 102808, 102908 103008, 103108, 103208, 103308, 103408, 103508, 103608, 103708, 103808, 103908, 104008, 104108, 104208, 104308, 104408 104508, 104608, 104708, 104808, 104908, 105008, 105108, 105208, 105308, 105408, 105508, 105608, 105708, 105808, 105908 106008, 106108, 106208, 106308, 106408, 106508, 106608, 106708, 106808, 106908, 107008, 107108, 107208, 107308, 107408 107508, 107608, 107708, 107808, 107908, 108008, 108108, 108208, 108308, 108408, 108508, 108608, 108708, 108808, 108908 109008, 109108, 109208, 109308, 109408, 109508, 109608, 109708, 109808, 109908,
100009, 100109, 100209, 100309, 100409, 100509, 100609, 100709, 100809, 100909, 101009, 101109, 101209, 101309, 101409 101509, 101609, 101709, 101809, 101909, 102009, 102109, 102209, 102309, 102409, 102509, 102609, 102709, 102809, 102909 103009, 103109, 103209, 103309, 103409, 103509, 103609, 103709, 103809, 103909, 104009, 104109, 104209, 104309, 104409 104509, 104609, 104709, 104809, 104909, 105009, 105109, 105209, 105309, 105409, 105509, 105609, 105709, 105809, 105909 106009, 106109, 106209, 106309, 106409, 106509, 106609, 106709, 106809, 106909, 107009, 107109, 107209, 107309, 107409 107509, 107609, 107709, 107809, 107909, 108009, 108109, 108209, 108309, 108409, 108509, 108609, 108709, 108809, 108909 109009, 109109, 109209, 109309, 109409, 109509, 109609, 109709, 109809, 109909,
100010, 100110, 100210, 100310, 100410, 100510, 100610, 100710, 100810, 100910, 101010, 101110, 101210, 101310, 101410 101510, 101610, 101710, 101810, 101910, 102010, 102110, 102210, 102310, 102410, 102510, 102610, 102710, 102810, 102910 103010, 103110, 103210, 103310, 103410, 103510, 103610, 103710, 103810, 103910, 104010, 104110, 104210, 104310, 104410 104510, 104610, 104710, 104810, 104910, 105010, 105110, 105210, 105310, 105410, 105510, 105610, 105710, 105810, 105910 106010, 106110, 106210, 106310, 106410, 106510, 106610, 106710, 106810, 106910, 107010, 107110, 107210, 107310, 107410 107510, 107610, 107710, 107810, 107910, 108010, 108110, 108210, 108310, 108410, 108510, 108610, 108710, 108810, 108910 109010, 109110, 109210, 109310, 109410, 109510, 109610, 109710, 109810, 109910,
100011, 100111, 100211, 100311, 100411, 100511, 100611, 100711, 100811, 100911, 101011, 101111, 101211, 101311, 101411 101511, 101611, 101711, 101811, 101911, 102011, 102111, 102211, 102311, 102411, 102511, 102611, 102711, 102811, 102911 103011, 103111, 103211, 103311, 103411, 103511, 103611, 103711, 103811, 103911, 104011, 104111, 104211, 104311, 104411 104511, 104611, 104711, 104811, 104911, 105011, 105111, 105211, 105311, 105411, 105511, 105611, 105711, 105811, 105911 106011, 106111, 106211, 106311, 106411, 106511, 106611, 106711, 106811, 106911, 107011, 107111, 107211, 107311, 107411 107511, 107611, 107711, 107811, 107911, 108011, 108111, 108211, 108311, 108411, 108511, 108611, 108711, 108811, 108911 109011, 109111, 109211, 109311, 109411, 109511, 109611, 109711, 109811, 109911,
100012, 100112, 100212, 100312, 100412, 100512, 100612, 100712, 100812, 100912, 101012, 101112, 101212, 101312, 101412 101512, 101612, 101712, 101812, 101912, 102012, 102112, 102212, 102312, 102412, 102512, 102612, 102712, 102812, 102912 103012, 103112, 103212, 103312, 103412, 103512, 103612, 103712, 103812, 103912, 104012, 104112, 104212, 104312, 104412 104512, 104612, 104712, 104812, 104912, 105012, 105112, 105212, 105312, 105412, 105512, 105612, 105712, 105812, 105912 106012, 106112, 106212, 106312, 106412, 106512, 106612, 106712, 106812, 106912, 107012, 107112, 107212, 107312, 107412 107512, 107612, 107712, 107812, 107912, 108012, 108112, 108212, 108312, 108412, 108512, 108612, 108712, 108812, 108912 109012, 109112, 109212, 109312, 109412, 109512, 109612, 109712, 109812, 109912,
100013, 100113, 100213, 100313, 100413, 100513, 100613, 100713, 100813, 100913, 101013, 101113, 101213, 101313, 101413 101513, 101613, 101713, 101813, 101913, 102013, 102113, 102213, 102313, 102413, 102513, 102613, 102713, 102813, 102913 103013, 103113, 103213, 103313, 103413, 103513, 103613, 103713, 103813, 103913, 104013, 104113, 104213, 104313, 104413 104513, 104613, 104713, 104813, 104913, 105013, 105113, 105213, 105313, 105413, 105513, 105613, 105713, 105813, 105913 106013, 106113, 106213, 106313, 106413, 106513, 106613, 106713, 106813, 106913, 107013, 107113, 107213, 107313, 107413 107513, 107613, 107713, 107813, 107913, 108013, 108113, 108213, 108313, 108413, 108513, 108613, 108713, 108813, 108913 109013, 109113, 109213, 109313, 109413, 109513, 109613, 109713, 109813, 109913,
100014, 100114, 100214, 100314, 100414, 100514, 100614, 100714, 100814, 100914, 101014, 101114, 101214, 101314, 101414 101514, 101614, 101714, 101814, 101914, 102014, 102114, 102214, 102314, 102414, 102514, 102614, 102714, 102814, 102914 103014, 103114, 103214, 103314, 103414, 103514, 103614, 103714, 103814, 103914, 104014, 104114, 104214, 104314, 104414 104514, 104614, 104714, 104814, 104914, 105014, 105114, 105214, 105314, 105414, 105514, 105614, 105714, 105814, 105914 106014, 106114, 106214, 106314, 106414, 106514, 106614, 106714, 106814, 106914, 107014, 107114, 107214, 107314, 107414 107514, 107614, 107714, 107814, 107914, 108014, 108114, 108214, 108314, 108414, 108514, 108614, 108714, 108814, 108914 109014, 109114, 109214, 109314, 109414, 109514, 109614, 109714, 109814, 109914,
100015, 100115, 100215, 100315, 100415, 100515, 100615, 100715, 100815, 100915, 101015, 101115, 101215, 101315, 101415 101515, 101615, 101715, 101815, 101915, 102015, 102115, 102215, 102315, 102415, 102515, 102615, 102715, 102815, 102915 103015, 103115, 103215, 103315, 103415, 103515, 103615, 103715, 103815, 103915, 104015, 104115, 104215, 104315, 104415 104515, 104615, 104715, 104815, 104915, 105015, 105115, 105215, 105315, 105415, 105515, 105615, 105715, 105815, 105915 106015, 106115, 106215, 106315, 106415, 106515, 106615, 106715, 106815, 106915, 107015, 107115, 107215, 107315, 107415 107515, 107615, 107715, 107815, 107915, 108015, 108115, 108215, 108315, 108415, 108515, 108615, 108715, 108815, 108915 109015, 109115, 109215, 109315, 109415, 109515, 109615, 109715, 109815, 109915,
100016, 100116, 100216, 100316, 100416, 100516, 100616, 100716, 100816, 100916, 101016, 101116, 101216, 101316, 101416 101516, 101616, 101716, 101816, 101916, 102016, 102116, 102216, 102316, 102416, 102516, 102616, 102716, 102816, 102916 103016, 103116, 103216, 103316, 103416, 103516, 103616, 103716, 103816, 103916, 104016, 104116, 104216, 104316, 104416 104516, 104616, 104716, 104816, 104916, 105016, 105116, 105216, 105316, 105416, 105516, 105616, 105716, 105816, 105916 106016, 106116, 106216, 106316, 106416, 106516, 106616, 106716, 106816, 106916, 107016, 107116, 107216, 107316, 107416 107516, 107616, 107716, 107816, 107916, 108016, 108116, 108216, 108316, 108416, 108516, 108616, 108716, 108816, 108916 109016, 109116, 109216, 109316, 109416, 109516, 109616, 109716, 109816, 109916,
100017, 100117, 100217, 100317, 100417, 100517, 100617, 100717, 100817, 100917, 101017, 101117, 101217, 101317, 101417 101517, 101617, 101717, 101817, 101917, 102017, 102117, 102217, 102317, 102417, 102517, 102617, 102717, 102817, 102917 103017, 103117, 103217, 103317, 103417, 103517, 103617, 103717, 103817, 103917, 104017, 104117, 104217, 104317, 104417 104517, 104617, 104717, 104817, 104917, 105017, 105117, 105217, 105317, 105417, 105517, 105617, 105717, 105817, 105917 106017, 106117, 106217, 106317, 106417, 106517, 106617, 106717, 106817, 106917, 107017, 107117, 107217, 107317, 107417 107517, 107617, 107717, 107817, 107917, 108017, 108117, 108217, 108317, 108417, 108517, 108617, 108717, 108817, 108917 109017, 109117, 109217, 109317, 109417, 109517, 109617, 109717, 109817, 109917,
100018, 100118, 100218, 100318, 100418, 100518, 100618, 100718, 100818, 100918, 101018, 101118, 101218, 101318, 101418 101518, 101618, 101718, 101818, 101918, 102018, 102118, 102218, 102318, 102418, 102518, 102618, 102718, 102818, 102918 103018, 103118, 103218, 103318, 103418, 103518, 103618, 103718, 103818, 103918, 104018, 104118, 104218, 104318, 104418 104518, 104618, 104718, 104818, 104918, 105018, 105118, 105218, 105318, 105418, 105518, 105618, 105718, 105818, 105918 106018, 106118, 106218, 106318, 106418, 106518, 106618, 106718, 106818, 106918, 107018, 107118, 107218, 107318, 107418 107518, 107618, 107718, 107818, 107918, 108018, 108118, 108218, 108318, 108418, 108518, 108618, 108718, 108818, 108918 109018, 109118, 109218, 109318, 109418, 109518, 109618, 109718, 109818, 109918,
100019, 100119, 100219, 100319, 100419, 100519, 100619, 100719, 100819, 100919, 101019, 101119, 101219, 101319, 101419 101519, 101619, 101719, 101819, 101919, 102019, 102119, 102219, 102319, 102419, 102519, 102619, 102719, 102819, 102919 103019, 103119, 103219, 103319, 103419, 103519, 103619, 103719, 103819, 103919, 104019, 104119, 104219, 104319, 104419 104519, 104619, 104719, 104819, 104919, 105019, 105119, 105219, 105319, 105419, 105519, 105619, 105719, 105819, 105919 106019, 106119, 106219, 106319, 106419, 106519, 106619, 106719, 106819, 106919, 107019, 107119, 107219, 107319, 107419 107519, 107619, 107719, 107819, 107919, 108019, 108119, 108219, 108319, 108419, 108519, 108619, 108719, 108819, 108919 109019, 109119, 109219, 109319, 109419, 109519, 109619, 109719, 109819, 109919,
100020, 100120, 100220, 100320, 100420, 100520, 100620, 100720, 100820, 100920, 101020, 101120, 101220, 101320, 101420 101520, 101620, 101720, 101820, 101920, 102020, 102120, 102220, 102320, 102420, 102520, 102620, 102720, 102820, 102920 103020, 103120, 103220, 103320, 103420, 103520, 103620, 103720, 103820, 103920, 104020, 104120, 104220, 104320, 104420 104520, 104620, 104720, 104820, 104920, 105020, 105120, 105220, 105320, 105420, 105520, 105620, 105720, 105820, 105920 106020, 106120, 106220, 106320, 106420, 106520, 106620, 106720, 106820, 106920, 107020, 107120, 107220, 107320, 107420 107520, 107620, 107720, 107820, 107920, 108020, 108120, 108220, 108320, 108420, 108520, 108620, 108720, 108820, 108920 109020, 109120, 109220, 109320, 109420, 109520, 109620, 109720, 109820, 109920,
100021, 100121, 100221, 100321, 100421, 100521, 100621, 100721, 100821, 100921, 101021, 101121, 101221, 101321, 101421 101521, 101621, 101721, 101821, 101921, 102021, 102121, 102221, 102321, 102421, 102521, 102621, 102721, 102821, 102921 103021, 103121, 103221, 103321, 103421, 103521, 103621, 103721, 103821, 103921, 104021, 104121, 104221, 104321, 104421 104521, 104621, 104721, 104821, 104921, 105021, 105121, 105221, 105321, 105421, 105521, 105621, 105721, 105821, 105921 106021, 106121, 106221, 106321, 106421, 106521, 106621, 106721, 106821, 106921, 107021, 107121, 107221, 107321, 107421 107521, 107621, 107721, 107821, 107921, 108021, 108121, 108221, 108321, 108421, 108521, 108621, 108721, 108821, 108921 109021, 109121, 109221, 109321, 109421, 109521, 109621, 109721, 109821, 109921,
100022, 100122, 100222, 100322, 100422, 100522, 100622, 100722, 100822, 100922, 101022, 101122, 101222, 101322, 101422 101522, 101622, 101722, 101822, 101922, 102022, 102122, 102222, 102322, 102422, 102522, 102622, 102722, 102822, 102922 103022, 103122, 103222, 103322, 103422, 103522, 103622, 103722, 103822, 103922, 104022, 104122, 104222, 104322, 104422 104522, 104622, 104722, 104822, 104922, 105022, 105122, 105222, 105322, 105422, 105522, 105622, 105722, 105822, 105922 106022, 106122, 106222, 106322, 106422, 106522, 106622, 106722, 106822, 106922, 107022, 107122, 107222, 107322, 107422 107522, 107622, 107722, 107822, 107922, 108022, 108122, 108222, 108322, 108422, 108522, 108622, 108722, 108822, 108922 109022, 109122, 109222, 109322, 109422, 109522, 109622, 109722, 109822, 109922,
100023, 100123, 100223, 100323, 100423, 100523, 100623, 100723, 100823, 100923, 101023, 101123, 101223, 101323, 101423 101523, 101623, 101723, 101823, 101923, 102023, 102123, 102223, 102323, 102423, 102523, 102623, 102723, 102823, 102923 103023, 103123, 103223, 103323, 103423, 103523, 103623, 103723, 103823, 103923, 104023, 104123, 104223, 104323, 104423 104523, 104623, 104723, 104823, 104923, 105023, 105123, 105223, 105323, 105423, 105523, 105623, 105723, 105823, 105923 106023, 106123, 106223, 106323, 106423, 106523, 106623, 106723, 106823, 106923, 107023, 107123, 107223, 107323, 107423 107523, 107623, 107723, 107823, 107923, 108023, 108123, 108223, 108323, 108423, 108523, 108623, 108723, 108823, 108923 109023, 109123, 109223, 109323, 109423, 109523, 109623, 109723, 109823, 109923,
100024, 100124, 100224, 100324, 100424, 100524, 100624, 100724, 100824, 100924, 101024, 101124, 101224, 101324, 101424 101524, 101624, 101724, 101824, 101924, 102024, 102124, 102224, 102324, 102424, 102524, 102624, 102724, 102824, 102924 103024, 103124, 103224, 103324, 103424, 103524, 103624, 103724, 103824, 103924, 104024, 104124, 104224, 104324, 104424 104524, 104624, 104724, 104824, 104924, 105024, 105124, 105224, 105324, 105424, 105524, 105624, 105724, 105824, 105924 106024, 106124, 106224, 106324, 106424, 106524, 106624, 106724, 106824, 106924, 107024, 107124, 107224, 107324, 107424 107524, 107624, 107724, 107824, 107924, 108024, 108124, 108224, 108324, 108424, 108524, 108624, 108724, 108824, 108924 109024, 109124, 109224, 109324, 109424, 109524, 109624, 109724, 109824, 109924,
100025, 100125, 100225, 100325, 100425, 100525, 100625, 100725, 100825, 100925, 101025, 101125, 101225, 101325, 101425 101525, 101625, 101725, 101825, 101925, 102025, 102125, 102225, 102325, 102425, 102525, 102625, 102725, 102825, 102925 103025, 103125, 103225, 103325, 103425, 103525, 103625, 103725, 103825, 103925, 104025, 104125, 104225, 104325, 104425 104525, 104625, 104725, 104825, 104925, 105025, 105125, 105225, 105325, 105425, 105525, 105625, 105725, 105825, 105925 106025, 106125, 106225, 106325, 106425, 106525, 106625, 106725, 106825, 106925, 107025, 107125, 107225, 107325, 107425 107525, 107625, 107725, 107825, 107925, 108025, 108125, 108225, 108325, 108425, 108525, 108625, 108725, 108825, 108925 109025, 109125, 109225, 109325, 109425, 109525, 109625, 109725, 109825, 109925,
100026, 100126, 100226, 100326, 100426, 100526, 100626, 100726, 100826, 100926, 101026, 101126, 101226, 101326, 101426 101526, 101626, 101726, 101826, 101926, 102026, 102126, 102226, 102326, 102426, 102526, 102626, 102726, 102826, 102926 103026, 103126, 103226, 103326, 103426, 103526, 103626, 103726, 103826, 103926, 104026, 104126, 104226, 104326, 104426 104526, 104626, 104726, 104826, 104926, 105026, 105126, 105226, 105326, 105426, 105526, 105626, 105726, 105826, 105926 106026, 106126, 106226, 106326, 106426, 106526, 106626, 106726, 106826, 106926, 107026, 107126, 107226, 107326, 107426 107526, 107626, 107726, 107826, 107926, 108026, 108126, 108226, 108326, 108426, 108526, 108626, 108726, 108826, 108926 109026, 109126, 109226, 109326, 109426, 109526, 109626, 109726, 109826, 109926,
100027, 100127, 100227, 100327, 100427, 100527, 100627, 100727, 100827, 100927, 101027, 101127, 101227, 101327, 101427 101527, 101627, 101727, 101827, 101927, 102027, 102127, 102227, 102327, 102427, 102527, 102627, 102727, 102827, 102927 103027, 103127, 103227, 103327, 103427, 103527, 103627, 103727, 103827, 103927, 104027, 104127, 104227, 104327, 104427 104527, 104627, 104727, 104827, 104927, 105027, 105127, 105227, 105327, 105427, 105527, 105627, 105727, 105827, 105927 106027, 106127, 106227, 106327, 106427, 106527, 106627, 106727, 106827, 106927, 107027, 107127, 107227, 107327, 107427 107527, 107627, 107727, 107827, 107927, 108027, 108127, 108227, 108327, 108427, 108527, 108627, 108727, 108827, 108927 109027, 109127, 109227, 109327, 109427, 109527, 109627, 109727, 109827, 109927,
100028, 100128, 100228, 100328, 100428, 100528, 100628, 100728, 100828, 100928, 101028, 101128, 101228, 101328, 101428 101528, 101628, 101728, 101828, 101928, 102028, 102128, 102228, 102328, 102428, 102528, 102628, 102728, 102828, 102928 103028, 103128, 103228, 103328, 103428, 103528, 103628, 103728, 103828, 103928, 104028, 104128, 104228, 104328, 104428 104528, 104628, 104728, 104828, 104928, 105028, 105128, 105228, 105328, 105428, 105528, 105628, 105728, 105828, 105928 106028, 106128, 106228, 106328, 106428, 106528, 106628, 106728, 106828, 106928, 107028, 107128, 107228, 107328, 107428 107528, 107628, 107728, 107828, 107928, 108028, 108128, 108228, 108328, 108428, 108528, 108628, 108728, 108828, 108928 109028, 109128, 109228, 109328, 109428, 109528, 109628, 109728, 109828, 109928,
100029, 100129, 100229, 100329, 100429, 100529, 100629, 100729, 100829, 100929, 101029, 101129, 101229, 101329, 101429 101529, 101629, 101729, 101829, 101929, 102029, 102129, 102229, 102329, 102429, 102529, 102629, 102729, 102829, 102929 103029, 103129, 103229, 103329, 103429, 103529, 103629, 103729, 103829, 103929, 104029, 104129, 104229, 104329, 104429 104529, 104629, 104729, 104829, 104929, 105029, 105129, 105229, 105329, 105429, 105529, 105629, 105729, 105829, 105929 106029, 106129, 106229, 106329, 106429, 106529, 106629, 106729, 106829, 106929, 107029, 107129, 107229, 107329, 107429 107529, 107629, 107729, 107829, 107929, 108029, 108129, 108229, 108329, 108429, 108529, 108629, 108729, 108829, 108929 109029, 109129, 109229, 109329, 109429, 109529, 109629, 109729, 109829, 109929,
100030, 100130, 100230, 100330, 100430, 100530, 100630, 100730, 100830, 100930, 101030, 101130, 101230, 101330, 101430 101530, 101630, 101730, 101830, 101930, 102030, 102130, 102230, 102330, 102430, 102530, 102630, 102730, 102830, 102930 103030, 103130, 103230, 103330, 103430, 103530, 103630, 103730, 103830, 103930, 104030, 104130, 104230, 104330, 104430 104530, 104630, 104730, 104830, 104930, 105030, 105130, 105230, 105330, 105430, 105530, 105630, 105730, 105830, 105930 106030, 106130, 106230, 106330, 106430, 106530, 106630, 106730, 106830, 106930, 107030, 107130, 107230, 107330, 107430 107530, 107630, 107730, 107830, 107930, 108030, 108130, 108230, 108330, 108430, 108530, 108630, 108730, 108830, 108930 109030, 109130, 109230, 109330, 109430, 109530, 109630, 109730, 109830, 109930,
100031, 100131, 100231, 100331, 100431, 100531, 100631, 100731, 100831, 100931, 101031, 101131, 101231, 101331, 101431 101531, 101631, 101731, 101831, 101931, 102031, 102131, 102231, 102331, 102431, 102531, 102631, 102731, 102831, 102931 103031, 103131, 103231, 103331, 103431, 103531, 103631, 103731, 103831, 103931, 104031, 104131, 104231, 104331, 104431 104531, 104631, 104731, 104831, 104931, 105031, 105131, 105231, 105331, 105431, 105531, 105631, 105731, 105831, 105931 106031, 106131, 106231, 106331, 106431, 106531, 106631, 106731, 106831, 106931, 107031, 107131, 107231, 107331, 107431 107531, 107631, 107731, 107831, 107931, 108031, 108131, 108231, 108331, 108431, 108531, 108631, 108731, 108831, 108931 109031, 109131, 109231, 109331, 109431, 109531, 109631, 109731, 109831, 109931,
100032, 100132, 100232, 100332, 100432, 100532, 100632, 100732, 100832, 100932, 101032, 101132, 101232, 101332, 101432 101532, 101632, 101732, 101832, 101932, 102032, 102132, 102232, 102332, 102432, 102532, 102632, 102732, 102832, 102932 103032, 103132, 103232, 103332, 103432, 103532, 103632, 103732, 103832, 103932, 104032, 104132, 104232, 104332, 104432 104532, 104632, 104732, 104832, 104932, 105032, 105132, 105232, 105332, 105432, 105532, 105632, 105732, 105832, 105932 106032, 106132, 106232, 106332, 106432, 106532, 106632, 106732, 106832, 106932, 107032, 107132, 107232, 107332, 107432 107532, 107632, 107732, 107832, 107932, 108032, 108132, 108232, 108332, 108432, 108532, 108632, 108732, 108832, 108932 109032, 109132, 109232, 109332, 109432, 109532, 109632, 109732, 109832, 109932,
100033, 100133, 100233, 100333, 100433, 100533, 100633, 100733, 100833, 100933, 101033, 101133, 101233, 101333, 101433 101533, 101633, 101733, 101833, 101933, 102033, 102133, 102233, 102333, 102433, 102533, 102633, 102733, 102833, 102933 103033, 103133, 103233, 103333, 103433, 103533, 103633, 103733, 103833, 103933, 104033, 104133, 104233, 104333, 104433 104533, 104633, 104733, 104833, 104933, 105033, 105133, 105233, 105333, 105433, 105533, 105633, 105733, 105833, 105933 106033, 106133, 106233, 106333, 106433, 106533, 106633, 106733, 106833, 106933, 107033, 107133, 107233, 107333, 107433 107533, 107633, 107733, 107833, 107933, 108033, 108133, 108233, 108333, 108433, 108533, 108633, 108733, 108833, 108933 109033, 109133, 109233, 109333, 109433, 109533, 109633, 109733, 109833, 109933,
100034, 100134, 100234, 100334, 100434, 100534, 100634, 100734, 100834, 100934, 101034, 101134, 101234, 101334, 101434 101534, 101634, 101734, 101834, 101934, 102034, 102134, 102234, 102334, 102434, 102534, 102634, 102734, 102834, 102934 103034, 103134, 103234, 103334, 103434, 103534, 103634, 103734, 103834, 103934, 104034, 104134, 104234, 104334, 104434 104534, 104634, 104734, 104834, 104934, 105034, 105134, 105234, 105334, 105434, 105534, 105634, 105734, 105834, 105934 106034, 106134, 106234, 106334, 106434, 106534, 106634, 106734, 106834, 106934, 107034, 107134, 107234, 107334, 107434 107534, 107634, 107734, 107834, 107934, 108034, 108134, 108234, 108334, 108434, 108534, 108634, 108734, 108834, 108934 109034, 109134, 109234, 109334, 109434, 109534, 109634, 109734, 109834, 109934,
100035, 100135, 100235, 100335, 100435, 100535, 100635, 100735, 100835, 100935, 101035, 101135, 101235, 101335, 101435 101535, 101635, 101735, 101835, 101935, 102035, 102135, 102235, 102335, 102435, 102535, 102635, 102735, 102835, 102935 103035, 103135, 103235, 103335, 103435, 103535, 103635, 103735, 103835, 103935, 104035, 104135, 104235, 104335, 104435 104535, 104635, 104735, 104835, 104935, 105035, 105135, 105235, 105335, 105435, 105535, 105635, 105735, 105835, 105935 106035, 106135, 106235, 106335, 106435, 106535, 106635, 106735, 106835, 106935, 107035, 107135, 107235, 107335, 107435 107535, 107635, 107735, 107835, 107935, 108035, 108135, 108235, 108335, 108435, 108535, 108635, 108735, 108835, 108935 109035, 109135, 109235, 109335, 109435, 109535, 109635, 109735, 109835, 109935,
100036, 100136, 100236, 100336, 100436, 100536, 100636, 100736, 100836, 100936, 101036, 101136, 101236, 101336, 101436 101536, 101636, 101736, 101836, 101936, 102036, 102136, 102236, 102336, 102436, 102536, 102636, 102736, 102836, 102936 103036, 103136, 103236, 103336, 103436, 103536, 103636, 103736, 103836, 103936, 104036, 104136, 104236, 104336, 104436 104536, 104636, 104736, 104836, 104936, 105036, 105136, 105236, 105336, 105436, 105536, 105636, 105736, 105836, 105936 106036, 106136, 106236, 106336, 106436, 106536, 106636, 106736, 106836, 106936, 107036, 107136, 107236, 107336, 107436 107536, 107636, 107736, 107836, 107936, 108036, 108136, 108236, 108336, 108436, 108536, 108636, 108736, 108836, 108936 109036, 109136, 109236, 109336, 109436, 109536, 109636, 109736, 109836, 109936,
100037, 100137, 100237, 100337, 100437, 100537, 100637, 100737, 100837, 100937, 101037, 101137, 101237, 101337, 101437 101537, 101637, 101737, 101837, 101937, 102037, 102137, 102237, 102337, 102437, 102537, 102637, 102737, 102837, 102937 103037, 103137, 103237, 103337, 103437, 103537, 103637, 103737, 103837, 103937, 104037, 104137, 104237, 104337, 104437 104537, 104637, 104737, 104837, 104937, 105037, 105137, 105237, 105337, 105437, 105537, 105637, 105737, 105837, 105937 106037, 106137, 106237, 106337, 106437, 106537, 106637, 106737, 106837, 106937, 107037, 107137, 107237, 107337, 107437 107537, 107637, 107737, 107837, 107937, 108037, 108137, 108237, 108337, 108437, 108537, 108637, 108737, 108837, 108937 109037, 109137, 109237, 109337, 109437, 109537, 109637, 109737, 109837, 109937,
100038, 100138, 100238, 100338, 100438, 100538, 100638, 100738, 100838, 100938, 101038, 101138, 101238, 101338, 101438 101538, 101638, 101738, 101838, 101938, 102038, 102138, 102238, 102338, 102438, 102538, 102638, 102738, 102838, 102938 103038, 103138, 103238, 103338, 103438, 103538, 103638, 103738, 103838, 103938, 104038, 104138, 104238, 104338, 104438 104538, 104638, 104738, 104838, 104938, 105038, 105138, 105238, 105338, 105438, 105538, 105638, 105738, 105838, 105938 106038, 106138, 106238, 106338, 106438, 106538, 106638, 106738, 106838, 106938, 107038, 107138, 107238, 107338, 107438 107538, 107638, 107738, 107838, 107938, 108038, 108138, 108238, 108338, 108438, 108538, 108638, 108738, 108838, 108938 109038, 109138, 109238, 109338, 109438, 109538, 109638, 109738, 109838, 109938,
100039, 100139, 100239, 100339, 100439, 100539, 100639, 100739, 100839, 100939, 101039, 101139, 101239, 101339, 101439 101539, 101639, 101739, 101839, 101939, 102039, 102139, 102239, 102339, 102439, 102539, 102639, 102739, 102839, 102939 103039, 103139, 103239, 103339, 103439, 103539, 103639, 103739, 103839, 103939, 104039, 104139, 104239, 104339, 104439 104539, 104639, 104739, 104839, 104939, 105039, 105139, 105239, 105339, 105439, 105539, 105639, 105739, 105839, 105939 106039, 106139, 106239, 106339, 106439, 106539, 106639, 106739, 106839, 106939, 107039, 107139, 107239, 107339, 107439 107539, 107639, 107739, 107839, 107939, 108039, 108139, 108239, 108339, 108439, 108539, 108639, 108739, 108839, 108939 109039, 109139, 109239, 109339, 109439, 109539, 109639, 109739, 109839, 109939,
100040, 100140, 100240, 100340, 100440, 100540, 100640, 100740, 100840, 100940, 101040, 101140, 101240, 101340, 101440 101540, 101640, 101740, 101840, 101940, 102040, 102140, 102240, 102340, 102440, 102540, 102640, 102740, 102840, 102940 103040, 103140, 103240, 103340, 103440, 103540, 103640, 103740, 103840, 103940, 104040, 104140, 104240, 104340, 104440 104540, 104640, 104740, 104840, 104940, 105040, 105140, 105240, 105340, 105440, 105540, 105640, 105740, 105840, 105940 106040, 106140, 106240, 106340, 106440, 106540, 106640, 106740, 106840, 106940, 107040, 107140, 107240, 107340, 107440 107540, 107640, 107740, 107840, 107940, 108040, 108140, 108240, 108340, 108440, 108540, 108640, 108740, 108840, 108940 109040, 109140, 109240, 109340, 109440, 109540, 109640, 109740, 109840, 109940,
100041, 100141, 100241, 100341, 100441, 100541, 100641, 100741, 100841, 100941, 101041, 101141, 101241, 101341, 101441 101541, 101641, 101741, 101841, 101941, 102041, 102141, 102241, 102341, 102441, 102541, 102641, 102741, 102841, 102941 103041, 103141, 103241, 103341, 103441, 103541, 103641, 103741, 103841, 103941, 104041, 104141, 104241, 104341, 104441 104541, 104641, 104741, 104841, 104941, 105041, 105141, 105241, 105341, 105441, 105541, 105641, 105741, 105841, 105941 106041, 106141, 106241, 106341, 106441, 106541, 106641, 106741, 106841, 106941, 107041, 107141, 107241, 107341, 107441 107541, 107641, 107741, 107841, 107941, 108041, 108141, 108241, 108341, 108441, 108541, 108641, 108741, 108841, 108941 109041, 109141, 109241, 109341, 109441, 109541, 109641, 109741, 109841, 109941,
100042, 100142, 100242, 100342, 100442, 100542, 100642, 100742, 100842, 100942, 101042, 101142, 101242, 101342, 101442 101542, 101642, 101742, 101842, 101942, 102042, 102142, 102242, 102342, 102442, 102542, 102642, 102742, 102842, 102942 103042, 103142, 103242, 103342, 103442, 103542, 103642, 103742, 103842, 103942, 104042, 104142, 104242, 104342, 104442 104542, 104642, 104742, 104842, 104942, 105042, 105142, 105242, 105342, 105442, 105542, 105642, 105742, 105842, 105942 106042, 106142, 106242, 106342, 106442, 106542, 106642, 106742, 106842, 106942, 107042, 107142, 107242, 107342, 107442 107542, 107642, 107742, 107842, 107942, 108042, 108142, 108242, 108342, 108442, 108542, 108642, 108742, 108842, 108942 109042, 109142, 109242, 109342, 109442, 109542, 109642, 109742, 109842, 109942,
100043, 100143, 100243, 100343, 100443, 100543, 100643, 100743, 100843, 100943, 101043, 101143, 101243, 101343, 101443 101543, 101643, 101743, 101843, 101943, 102043, 102143, 102243, 102343, 102443, 102543, 102643, 102743, 102843, 102943 103043, 103143, 103243, 103343, 103443, 103543, 103643, 103743, 103843, 103943, 104043, 104143, 104243, 104343, 104443 104543, 104643, 104743, 104843, 104943, 105043, 105143, 105243, 105343, 105443, 105543, 105643, 105743, 105843, 105943 106043, 106143, 106243, 106343, 106443, 106543, 106643, 106743, 106843, 106943, 107043, 107143, 107243, 107343, 107443 107543, 107643, 107743, 107843, 107943, 108043, 108143, 108243, 108343, 108443, 108543, 108643, 108743, 108843, 108943 109043, 109143, 109243, 109343, 109443, 109543, 109643, 109743, 109843, 109943,
100044, 100144, 100244, 100344, 100444, 100544, 100644, 100744, 100844, 100944, 101044, 101144, 101244, 101344, 101444 101544, 101644, 101744, 101844, 101944, 102044, 102144, 102244, 102344, 102444, 102544, 102644, 102744, 102844, 102944 103044, 103144, 103244, 103344, 103444, 103544, 103644, 103744, 103844, 103944, 104044, 104144, 104244, 104344, 104444 104544, 104644, 104744, 104844, 104944, 105044, 105144, 105244, 105344, 105444, 105544, 105644, 105744, 105844, 105944 106044, 106144, 106244, 106344, 106444, 106544, 106644, 106744, 106844, 106944, 107044, 107144, 107244, 107344, 107444 107544, 107644, 107744, 107844, 107944, 108044, 108144, 108244, 108344, 108444, 108544, 108644, 108744, 108844, 108944 109044, 109144, 109244, 109344, 109444, 109544, 109644, 109744, 109844, 109944,
100045, 100145, 100245, 100345, 100445, 100545, 100645, 100745, 100845, 100945, 101045, 101145, 101245, 101345, 101445 101545, 101645, 101745, 101845, 101945, 102045, 102145, 102245, 102345, 102445, 102545, 102645, 102745, 102845, 102945 103045, 103145, 103245, 103345, 103445, 103545, 103645, 103745, 103845, 103945, 104045, 104145, 104245, 104345, 104445 104545, 104645, 104745, 104845, 104945, 105045, 105145, 105245, 105345, 105445, 105545, 105645, 105745, 105845, 105945 106045, 106145, 106245, 106345, 106445, 106545, 106645, 106745, 106845, 106945, 107045, 107145, 107245, 107345, 107445 107545, 107645, 107745, 107845, 107945, 108045, 108145, 108245, 108345, 108445, 108545, 108645, 108745, 108845, 108945 109045, 109145, 109245, 109345, 109445, 109545, 109645, 109745, 109845, 109945,
100046, 100146, 100246, 100346, 100446, 100546, 100646, 100746, 100846, 100946, 101046, 101146, 101246, 101346, 101446 101546, 101646, 101746, 101846, 101946, 102046, 102146, 102246, 102346, 102446, 102546, 102646, 102746, 102846, 102946 103046, 103146, 103246, 103346, 103446, 103546, 103646, 103746, 103846, 103946, 104046, 104146, 104246, 104346, 104446 104546, 104646, 104746, 104846, 104946, 105046, 105146, 105246, 105346, 105446, 105546, 105646, 105746, 105846, 105946 106046, 106146, 106246, 106346, 106446, 106546, 106646, 106746, 106846, 106946, 107046, 107146, 107246, 107346, 107446 107546, 107646, 107746, 107846, 107946, 108046, 108146, 108246, 108346, 108446, 108546, 108646, 108746, 108846, 108946 109046, 109146, 109246, 109346, 109446, 109546, 109646, 109746, 109846, 109946,
100047, 100147, 100247, 100347, 100447, 100547, 100647, 100747, 100847, 100947, 101047, 101147, 101247, 101347, 101447 101547, 101647, 101747, 101847, 101947, 102047, 102147, 102247, 102347, 102447, 102547, 102647, 102747, 102847, 102947 103047, 103147, 103247, 103347, 103447, 103547, 103647, 103747, 103847, 103947, 104047, 104147, 104247, 104347, 104447 104547, 104647, 104747, 104847, 104947, 105047, 105147, 105247, 105347, 105447, 105547, 105647, 105747, 105847, 105947 106047, 106147, 106247, 106347, 106447, 106547, 106647, 106747, 106847, 106947, 107047, 107147, 107247, 107347, 107447 107547, 107647, 107747, 107847, 107947, 108047, 108147, 108247, 108347, 108447, 108547, 108647, 108747, 108847, 108947 109047, 109147, 109247, 109347, 109447, 109547, 109647, 109747, 109847, 109947,
100048, 100148, 100248, 100348, 100448, 100548, 100648, 100748, 100848, 100948, 101048, 101148, 101248, 101348, 101448 101548, 101648, 101748, 101848, 101948, 102048, 102148, 102248, 102348, 102448, 102548, 102648, 102748, 102848, 102948 103048, 103148, 103248, 103348, 103448, 103548, 103648, 103748, 103848, 103948, 104048, 104148, 104248, 104348, 104448 104548, 104648, 104748, 104848, 104948, 105048, 105148, 105248, 105348, 105448, 105548, 105648, 105748, 105848, 105948 106048, 106148, 106248, 106348, 106448, 106548, 106648, 106748, 106848, 106948, 107048, 107148, 107248, 107348, 107448 107548, 107648, 107748, 107848, 107948, 108048, 108148, 108248, 108348, 108448, 108548, 108648, 108748, 108848, 108948 109048, 109148, 109248, 109348, 109448, 109548, 109648, 109748, 109848, 109948,
100049, 100149, 100249, 100349, 100449, 100549, 100649, 100749, 100849, 100949, 101049, 101149, 101249, 101349, 101449 101549, 101649, 101749, 101849, 101949, 102049, 102149, 102249, 102349, 102449, 102549, 102649, 102749, 102849, 102949 103049, 103149, 103249, 103349, 103449, 103549, 103649, 103749, 103849, 103949, 104049, 104149, 104249, 104349, 104449 104549, 104649, 104749, 104849, 104949, 105049, 105149, 105249, 105349, 105449, 105549, 105649, 105749, 105849, 105949 106049, 106149, 106249, 106349, 106449, 106549, 106649, 106749, 106849, 106949, 107049, 107149, 107249, 107349, 107449 107549, 107649, 107749, 107849, 107949, 108049, 108149, 108249, 108349, 108449, 108549, 108649, 108749, 108849, 108949 109049, 109149, 109249, 109349, 109449, 109549, 109649, 109749, 109849, 109949,
100050, 100150, 100250, 100350, 100450, 100550, 100650, 100750, 100850, 100950, 101050, 101150, 101250, 101350, 101450 101550, 101650, 101750, 101850, 101950, 102050, 102150, 102250, 102350, 102450, 102550, 102650, 102750, 102850, 102950 103050, 103150, 103250, 103350, 103450, 103550, 103650, 103750, 103850, 103950, 104050, 104150, 104250, 104350, 104450 104550, 104650, 104750, 104850, 104950, 105050, 105150, 105250, 105350, 105450, 105550, 105650, 105750, 105850, 105950 106050, 106150, 106250, 106350, 106450, 106550, 106650, 106750, 106850, 106950, 107050, 107150, 107250, 107350, 107450 107550, 107650, 107750, 107850, 107950, 108050, 108150, 108250, 108350, 108450, 108550, 108650, 108750, 108850, 108950 109050, 109150, 109250, 109350, 109450, 109550, 109650, 109750, 109850, 109950,
100051, 100151, 100251, 100351, 100451, 100551, 100651, 100751, 100851, 100951, 101051, 101151, 101251, 101351, 101451 101551, 101651, 101751, 101851, 101951, 102051, 102151, 102251, 102351, 102451, 102551, 102651, 102751, 102851, 102951 103051, 103151, 103251, 103351, 103451, 103551, 103651, 103751, 103851, 103951, 104051, 104151, 104251, 104351, 104451 104551, 104651, 104751, 104851, 104951, 105051, 105151, 105251, 105351, 105451, 105551, 105651, 105751, 105851, 105951 106051, 106151, 106251, 106351, 106451, 106551, 106651, 106751, 106851, 106951, 107051, 107151, 107251, 107351, 107451 107551, 107651, 107751, 107851, 107951, 108051, 108151, 108251, 108351, 108451, 108551, 108651, 108751, 108851, 108951 109051, 109151, 109251, 109351, 109451, 109551, 109651, 109751, 109851, 109951,
100052, 100152, 100252, 100352, 100452, 100552, 100652, 100752, 100852, 100952, 101052, 101152, 101252, 101352, 101452 101552, 101652, 101752, 101852, 101952, 102052, 102152, 102252, 102352, 102452, 102552, 102652, 102752, 102852, 102952 103052, 103152, 103252, 103352, 103452, 103552, 103652, 103752, 103852, 103952, 104052, 104152, 104252, 104352, 104452 104552, 104652, 104752, 104852, 104952, 105052, 105152, 105252, 105352, 105452, 105552, 105652, 105752, 105852, 105952 106052, 106152, 106252, 106352, 106452, 106552, 106652, 106752, 106852, 106952, 107052, 107152, 107252, 107352, 107452 107552, 107652, 107752, 107852, 107952, 108052, 108152, 108252, 108352, 108452, 108552, 108652, 108752, 108852, 108952 109052, 109152, 109252, 109352, 109452, 109552, 109652, 109752, 109852, 109952,
100053, 100153, 100253, 100353, 100453, 100553, 100653, 100753, 100853, 100953, 101053, 101153, 101253, 101353, 101453 101553, 101653, 101753, 101853, 101953, 102053, 102153, 102253, 102353, 102453, 102553, 102653, 102753, 102853, 102953 103053, 103153, 103253, 103353, 103453, 103553, 103653, 103753, 103853, 103953, 104053, 104153, 104253, 104353, 104453 104553, 104653, 104753, 104853, 104953, 105053, 105153, 105253, 105353, 105453, 105553, 105653, 105753, 105853, 105953 106053, 106153, 106253, 106353, 106453, 106553, 106653, 106753, 106853, 106953, 107053, 107153, 107253, 107353, 107453 107553, 107653, 107753, 107853, 107953, 108053, 108153, 108253, 108353, 108453, 108553, 108653, 108753, 108853, 108953 109053, 109153, 109253, 109353, 109453, 109553, 109653, 109753, 109853, 109953,
100054, 100154, 100254, 100354, 100454, 100554, 100654, 100754, 100854, 100954, 101054, 101154, 101254, 101354, 101454 101554, 101654, 101754, 101854, 101954, 102054, 102154, 102254, 102354, 102454, 102554, 102654, 102754, 102854, 102954 103054, 103154, 103254, 103354, 103454, 103554, 103654, 103754, 103854, 103954, 104054, 104154, 104254, 104354, 104454 104554, 104654, 104754, 104854, 104954, 105054, 105154, 105254, 105354, 105454, 105554, 105654, 105754, 105854, 105954 106054, 106154, 106254, 106354, 106454, 106554, 106654, 106754, 106854, 106954, 107054, 107154, 107254, 107354, 107454 107554, 107654, 107754, 107854, 107954, 108054, 108154, 108254, 108354, 108454, 108554, 108654, 108754, 108854, 108954 109054, 109154, 109254, 109354, 109454, 109554, 109654, 109754, 109854, 109954,
100055, 100155, 100255, 100355, 100455, 100555, 100655, 100755, 100855, 100955, 101055, 101155, 101255, 101355, 101455 101555, 101655, 101755, 101855, 101955, 102055, 102155, 102255, 102355, 102455, 102555, 102655, 102755, 102855, 102955 103055, 103155, 103255, 103355, 103455, 103555, 103655, 103755, 103855, 103955, 104055, 104155, 104255, 104355, 104455 104555, 104655, 104755, 104855, 104955, 105055, 105155, 105255, 105355, 105455, 105555, 105655, 105755, 105855, 105955 106055, 106155, 106255, 106355, 106455, 106555, 106655, 106755, 106855, 106955, 107055, 107155, 107255, 107355, 107455 107555, 107655, 107755, 107855, 107955, 108055, 108155, 108255, 108355, 108455, 108555, 108655, 108755, 108855, 108955 109055, 109155, 109255, 109355, 109455, 109555, 109655, 109755, 109855, 109955,
100056, 100156, 100256, 100356, 100456, 100556, 100656, 100756, 100856, 100956, 101056, 101156, 101256, 101356, 101456 101556, 101656, 101756, 101856, 101956, 102056, 102156, 102256, 102356, 102456, 102556, 102656, 102756, 102856, 102956 103056, 103156, 103256, 103356, 103456, 103556, 103656, 103756, 103856, 103956, 104056, 104156, 104256, 104356, 104456 104556, 104656, 104756, 104856, 104956, 105056, 105156, 105256, 105356, 105456, 105556, 105656, 105756, 105856, 105956 106056, 106156, 106256, 106356, 106456, 106556, 106656, 106756, 106856, 106956, 107056, 107156, 107256, 107356, 107456 107556, 107656, 107756, 107856, 107956, 108056, 108156, 108256, 108356, 108456, 108556, 108656, 108756, 108856, 108956 109056, 109156, 109256, 109356, 109456, 109556, 109656, 109756, 109856, 109956,
100057, 100157, 100257, 100357, 100457, 100557, 100657, 100757, 100857, 100957, 101057, 101157, 101257, 101357, 101457 101557, 101657, 101757, 101857, 101957, 102057, 102157, 102257, 102357, 102457, 102557, 102657, 102757, 102857, 102957 103057, 103157, 103257, 103357, 103457, 103557, 103657, 103757, 103857, 103957, 104057, 104157, 104257, 104357, 104457 104557, 104657, 104757, 104857, 104957, 105057, 105157, 105257, 105357, 105457, 105557, 105657, 105757, 105857, 105957 106057, 106157, 106257, 106357, 106457, 106557, 106657, 106757, 106857, 106957, 107057, 107157, 107257, 107357, 107457 107557, 107657, 107757, 107857, 107957, 108057, 108157, 108257, 108357, 108457, 108557, 108657, 108757, 108857, 108957 109057, 109157, 109257, 109357, 109457, 109557, 109657, 109757, 109857, 109957,
100058, 100158, 100258, 100358, 100458, 100558, 100658, 100758, 100858, 100958, 101058, 101158, 101258, 101358, 101458 101558, 101658, 101758, 101858, 101958, 102058, 102158, 102258, 102358, 102458, 102558, 102658, 102758, 102858, 102958 103058, 103158, 103258, 103358, 103458, 103558, 103658, 103758, 103858, 103958, 104058, 104158, 104258, 104358, 104458 104558, 104658, 104758, 104858, 104958, 105058, 105158, 105258, 105358, 105458, 105558, 105658, 105758, 105858, 105958 106058, 106158, 106258, 106358, 106458, 106558, 106658, 106758, 106858, 106958, 107058, 107158, 107258, 107358, 107458 107558, 107658, 107758, 107858, 107958, 108058, 108158, 108258, 108358, 108458, 108558, 108658, 108758, 108858, 108958 109058, 109158, 109258, 109358, 109458, 109558, 109658, 109758, 109858, 109958,
100059, 100159, 100259, 100359, 100459, 100559, 100659, 100759, 100859, 100959, 101059, 101159, 101259, 101359, 101459 101559, 101659, 101759, 101859, 101959, 102059, 102159, 102259, 102359, 102459, 102559, 102659, 102759, 102859, 102959 103059, 103159, 103259, 103359, 103459, 103559, 103659, 103759, 103859, 103959, 104059, 104159, 104259, 104359, 104459 104559, 104659, 104759, 104859, 104959, 105059, 105159, 105259, 105359, 105459, 105559, 105659, 105759, 105859, 105959 106059, 106159, 106259, 106359, 106459, 106559, 106659, 106759, 106859, 106959, 107059, 107159, 107259, 107359, 107459 107559, 107659, 107759, 107859, 107959, 108059, 108159, 108259, 108359, 108459, 108559, 108659, 108759, 108859, 108959 109059, 109159, 109259, 109359, 109459, 109559, 109659, 109759, 109859, 109959,
100060, 100160, 100260, 100360, 100460, 100560, 100660, 100760, 100860, 100960, 101060, 101160, 101260, 101360, 101460 101560, 101660, 101760, 101860, 101960, 102060, 102160, 102260, 102360, 102460, 102560, 102660, 102760, 102860, 102960 103060, 103160, 103260, 103360, 103460, 103560, 103660, 103760, 103860, 103960, 104060, 104160, 104260, 104360, 104460 104560, 104660, 104760, 104860, 104960, 105060, 105160, 105260, 105360, 105460, 105560, 105660, 105760, 105860, 105960 106060, 106160, 106260, 106360, 106460, 106560, 106660, 106760, 106860, 106960, 107060, 107160, 107260, 107360, 107460 107560, 107660, 107760, 107860, 107960, 108060, 108160, 108260, 108360, 108460, 108560, 108660, 108760, 108860, 108960 109060, 109160, 109260, 109360, 109460, 109560, 109660, 109760, 109860, 109960,
100061, 100161, 100261, 100361, 100461, 100561, 100661, 100761, 100861, 100961, 101061, 101161, 101261, 101361, 101461 101561, 101661, 101761, 101861, 101961, 102061, 102161, 102261, 102361, 102461, 102561, 102661, 102761, 102861, 102961 103061, 103161, 103261, 103361, 103461, 103561, 103661, 103761, 103861, 103961, 104061, 104161, 104261, 104361, 104461 104561, 104661, 104761, 104861, 104961, 105061, 105161, 105261, 105361, 105461, 105561, 105661, 105761, 105861, 105961 106061, 106161, 106261, 106361, 106461, 106561, 106661, 106761, 106861, 106961, 107061, 107161, 107261, 107361, 107461 107561, 107661, 107761, 107861, 107961, 108061, 108161, 108261, 108361, 108461, 108561, 108661, 108761, 108861, 108961 109061, 109161, 109261, 109361, 109461, 109561, 109661, 109761, 109861, 109961,
100062, 100162, 100262, 100362, 100462, 100562, 100662, 100762, 100862, 100962, 101062, 101162, 101262, 101362, 101462 101562, 101662, 101762, 101862, 101962, 102062, 102162, 102262, 102362, 102462, 102562, 102662, 102762, 102862, 102962 103062, 103162, 103262, 103362, 103462, 103562, 103662, 103762, 103862, 103962, 104062, 104162, 104262, 104362, 104462 104562, 104662, 104762, 104862, 104962, 105062, 105162, 105262, 105362, 105462, 105562, 105662, 105762, 105862, 105962 106062, 106162, 106262, 106362, 106462, 106562, 106662, 106762, 106862, 106962, 107062, 107162, 107262, 107362, 107462 107562, 107662, 107762, 107862, 107962, 108062, 108162, 108262, 108362, 108462, 108562, 108662, 108762, 108862, 108962 109062, 109162, 109262, 109362, 109462, 109562, 109662, 109762, 109862, 109962,
100063, 100163, 100263, 100363, 100463, 100563, 100663, 100763, 100863, 100963, 101063, 101163, 101263, 101363, 101463 101563, 101663, 101763, 101863, 101963, 102063, 102163, 102263, 102363, 102463, 102563, 102663, 102763, 102863, 102963 103063, 103163, 103263, 103363, 103463, 103563, 103663, 103763, 103863, 103963, 104063, 104163, 104263, 104363, 104463 104563, 104663, 104763, 104863, 104963, 105063, 105163, 105263, 105363, 105463, 105563, 105663, 105763, 105863, 105963 106063, 106163, 106263, 106363, 106463, 106563, 106663, 106763, 106863, 106963, 107063, 107163, 107263, 107363, 107463 107563, 107663, 107763, 107863, 107963, 108063, 108163, 108263, 108363, 108463, 108563, 108663, 108763, 108863, 108963 109063, 109163, 109263, 109363, 109463, 109563, 109663, 109763, 109863, 109963,
100064, 100164, 100264, 100364, 100464, 100564, 100664, 100764, 100864, 100964, 101064, 101164, 101264, 101364, 101464 101564, 101664, 101764, 101864, 101964, 102064, 102164, 102264, 102364, 102464, 102564, 102664, 102764, 102864, 102964 103064, 103164, 103264, 103364, 103464, 103564, 103664, 103764, 103864, 103964, 104064, 104164, 104264, 104364, 104464 104564, 104664, 104764, 104864, 104964, 105064, 105164, 105264, 105364, 105464, 105564, 105664, 105764, 105864, 105964 106064, 106164, 106264, 106364, 106464, 106564, 106664, 106764, 106864, 106964, 107064, 107164, 107264, 107364, 107464 107564, 107664, 107764, 107864, 107964, 108064, 108164, 108264, 108364, 108464, 108564, 108664, 108764, 108864, 108964 109064, 109164, 109264, 109364, 109464, 109564, 109664, 109764, 109864, 109964,
100065, 100165, 100265, 100365, 100465, 100565, 100665, 100765, 100865, 100965, 101065, 101165, 101265, 101365, 101465 101565, 101665, 101765, 101865, 101965, 102065, 102165, 102265, 102365, 102465, 102565, 102665, 102765, 102865, 102965 103065, 103165, 103265, 103365, 103465, 103565, 103665, 103765, 103865, 103965, 104065, 104165, 104265, 104365, 104465 104565, 104665, 104765, 104865, 104965, 105065, 105165, 105265, 105365, 105465, 105565, 105665, 105765, 105865, 105965 106065, 106165, 106265, 106365, 106465, 106565, 106665, 106765, 106865, 106965, 107065, 107165, 107265, 107365, 107465 107565, 107665, 107765, 107865, 107965, 108065, 108165, 108265, 108365, 108465, 108565, 108665, 108765, 108865, 108965 109065, 109165, 109265, 109365, 109465, 109565, 109665, 109765, 109865, 109965,
100066, 100166, 100266, 100366, 100466, 100566, 100666, 100766, 100866, 100966, 101066, 101166, 101266, 101366, 101466 101566, 101666, 101766, 101866, 101966, 102066, 102166, 102266, 102366, 102466, 102566, 102666, 102766, 102866, 102966 103066, 103166, 103266, 103366, 103466, 103566, 103666, 103766, 103866, 103966, 104066, 104166, 104266, 104366, 104466 104566, 104666, 104766, 104866, 104966, 105066, 105166, 105266, 105366, 105466, 105566, 105666, 105766, 105866, 105966 106066, 106166, 106266, 106366, 106466, 106566, 106666, 106766, 106866, 106966, 107066, 107166, 107266, 107366, 107466 107566, 107666, 107766, 107866, 107966, 108066, 108166, 108266, 108366, 108466, 108566, 108666, 108766, 108866, 108966 109066, 109166, 109266, 109366, 109466, 109566, 109666, 109766, 109866, 109966,
100067, 100167, 100267, 100367, 100467, 100567, 100667, 100767, 100867, 100967, 101067, 101167, 101267, 101367, 101467 101567, 101667, 101767, 101867, 101967, 102067, 102167, 102267, 102367, 102467, 102567, 102667, 102767, 102867, 102967 103067, 103167, 103267, 103367, 103467, 103567, 103667, 103767, 103867, 103967, 104067, 104167, 104267, 104367, 104467 104567, 104667, 104767, 104867, 104967, 105067, 105167, 105267, 105367, 105467, 105567, 105667, 105767, 105867, 105967 106067, 106167, 106267, 106367, 106467, 106567, 106667, 106767, 106867, 106967, 107067, 107167, 107267, 107367, 107467 107567, 107667, 107767, 107867, 107967, 108067, 108167, 108267, 108367, 108467, 108567, 108667, 108767, 108867, 108967 109067, 109167, 109267, 109367, 109467, 109567, 109667, 109767, 109867, 109967,
100068, 100168, 100268, 100368, 100468, 100568, 100668, 100768, 100868, 100968, 101068, 101168, 101268, 101368, 101468 101568, 101668, 101768, 101868, 101968, 102068, 102168, 102268, 102368, 102468, 102568, 102668, 102768, 102868, 102968 103068, 103168, 103268, 103368, 103468, 103568, 103668, 103768, 103868, 103968, 104068, 104168, 104268, 104368, 104468 104568, 104668, 104768, 104868, 104968, 105068, 105168, 105268, 105368, 105468, 105568, 105668, 105768, 105868, 105968 106068, 106168, 106268, 106368, 106468, 106568, 106668, 106768, 106868, 106968, 107068, 107168, 107268, 107368, 107468 107568, 107668, 107768, 107868, 107968, 108068, 108168, 108268, 108368, 108468, 108568, 108668, 108768, 108868, 108968 109068, 109168, 109268, 109368, 109468, 109568, 109668, 109768, 109868, 109968,
100069, 100169, 100269, 100369, 100469, 100569, 100669, 100769, 100869, 100969, 101069, 101169, 101269, 101369, 101469 101569, 101669, 101769, 101869, 101969, 102069, 102169, 102269, 102369, 102469, 102569, 102669, 102769, 102869, 102969 103069, 103169, 103269, 103369, 103469, 103569, 103669, 103769, 103869, 103969, 104069, 104169, 104269, 104369, 104469 104569, 104669, 104769, 104869, 104969, 105069, 105169, 105269, 105369, 105469, 105569, 105669, 105769, 105869, 105969 106069, 106169, 106269, 106369, 106469, 106569, 106669, 106769, 106869, 106969, 107069, 107169, 107269, 107369, 107469 107569, 107669, 107769, 107869, 107969, 108069, 108169, 108269, 108369, 108469, 108569, 108669, 108769, 108869, 108969 109069, 109169, 109269, 109369, 109469, 109569, 109669, 109769, 109869, 109969,
100070, 100170, 100270, 100370, 100470, 100570, 100670, 100770, 100870, 100970, 101070, 101170, 101270, 101370, 101470 101570, 101670, 101770, 101870, 101970, 102070, 102170, 102270, 102370, 102470, 102570, 102670, 102770, 102870, 102970 103070, 103170, 103270, 103370, 103470, 103570, 103670, 103770, 103870, 103970, 104070, 104170, 104270, 104370, 104470 104570, 104670, 104770, 104870, 104970, 105070, 105170, 105270, 105370, 105470, 105570, 105670, 105770, 105870, 105970 106070, 106170, 106270, 106370, 106470, 106570, 106670, 106770, 106870, 106970, 107070, 107170, 107270, 107370, 107470 107570, 107670, 107770, 107870, 107970, 108070, 108170, 108270, 108370, 108470, 108570, 108670, 108770, 108870, 108970 109070, 109170, 109270, 109370, 109470, 109570, 109670, 109770, 109870, 109970,
100071, 100171, 100271, 100371, 100471, 100571, 100671, 100771, 100871, 100971, 101071, 101171, 101271, 101371, 101471 101571, 101671, 101771, 101871, 101971, 102071, 102171, 102271, 102371, 102471, 102571, 102671, 102771, 102871, 102971 103071, 103171, 103271, 103371, 103471, 103571, 103671, 103771, 103871, 103971, 104071, 104171, 104271, 104371, 104471 104571, 104671, 104771, 104871, 104971, 105071, 105171, 105271, 105371, 105471, 105571, 105671, 105771, 105871, 105971 106071, 106171, 106271, 106371, 106471, 106571, 106671, 106771, 106871, 106971, 107071, 107171, 107271, 107371, 107471 107571, 107671, 107771, 107871, 107971, 108071, 108171, 108271, 108371, 108471, 108571, 108671, 108771, 108871, 108971 109071, 109171, 109271, 109371, 109471, 109571, 109671, 109771, 109871, 109971,
100072, 100172, 100272, 100372, 100472, 100572, 100672, 100772, 100872, 100972, 101072, 101172, 101272, 101372, 101472 101572, 101672, 101772, 101872, 101972, 102072, 102172, 102272, 102372, 102472, 102572, 102672, 102772, 102872, 102972 103072, 103172, 103272, 103372, 103472, 103572, 103672, 103772, 103872, 103972, 104072, 104172, 104272, 104372, 104472 104572, 104672, 104772, 104872, 104972, 105072, 105172, 105272, 105372, 105472, 105572, 105672, 105772, 105872, 105972 106072, 106172, 106272, 106372, 106472, 106572, 106672, 106772, 106872, 106972, 107072, 107172, 107272, 107372, 107472 107572, 107672, 107772, 107872, 107972, 108072, 108172, 108272, 108372, 108472, 108572, 108672, 108772, 108872, 108972 109072, 109172, 109272, 109372, 109472, 109572, 109672, 109772, 109872, 109972,
100073, 100173, 100273, 100373, 100473, 100573, 100673, 100773, 100873, 100973, 101073, 101173, 101273, 101373, 101473 101573, 101673, 101773, 101873, 101973, 102073, 102173, 102273, 102373, 102473, 102573, 102673, 102773, 102873, 102973 103073, 103173, 103273, 103373, 103473, 103573, 103673, 103773, 103873, 103973, 104073, 104173, 104273, 104373, 104473 104573, 104673, 104773, 104873, 104973, 105073, 105173, 105273, 105373, 105473, 105573, 105673, 105773, 105873, 105973 106073, 106173, 106273, 106373, 106473, 106573, 106673, 106773, 106873, 106973, 107073, 107173, 107273, 107373, 107473 107573, 107673, 107773, 107873, 107973, 108073, 108173, 108273, 108373, 108473, 108573, 108673, 108773, 108873, 108973 109073, 109173, 109273, 109373, 109473, 109573, 109673, 109773, 109873, 109973,
100074, 100174, 100274, 100374, 100474, 100574, 100674, 100774, 100874, 100974, 101074, 101174, 101274, 101374, 101474 101574, 101674, 101774, 101874, 101974, 102074, 102174, 102274, 102374, 102474, 102574, 102674, 102774, 102874, 102974 103074, 103174, 103274, 103374, 103474, 103574, 103674, 103774, 103874, 103974, 104074, 104174, 104274, 104374, 104474 104574, 104674, 104774, 104874, 104974, 105074, 105174, 105274, 105374, 105474, 105574, 105674, 105774, 105874, 105974 106074, 106174, 106274, 106374, 106474, 106574, 106674, 106774, 106874, 106974, 107074, 107174, 107274, 107374, 107474 107574, 107674, 107774, 107874, 107974, 108074, 108174, 108274, 108374, 108474, 108574, 108674, 108774, 108874, 108974 109074, 109174, 109274, 109374, 109474, 109574, 109674, 109774, 109874, 109974,
100075, 100175, 100275, 100375, 100475, 100575, 100675, 100775, 100875, 100975, 101075, 101175, 101275, 101375, 101475 101575, 101675, 101775, 101875, 101975, 102075, 102175, 102275, 102375, 102475, 102575, 102675, 102775, 102875, 102975 103075, 103175, 103275, 103375, 103475, 103575, 103675, 103775, 103875, 103975, 104075, 104175, 104275, 104375, 104475 104575, 104675, 104775, 104875, 104975, 105075, 105175, 105275, 105375, 105475, 105575, 105675, 105775, 105875, 105975 106075, 106175, 106275, 106375, 106475, 106575, 106675, 106775, 106875, 106975, 107075, 107175, 107275, 107375, 107475 107575, 107675, 107775, 107875, 107975, 108075, 108175, 108275, 108375, 108475, 108575, 108675, 108775, 108875, 108975 109075, 109175, 109275, 109375, 109475, 109575, 109675, 109775, 109875, 109975,
100076, 100176, 100276, 100376, 100476, 100576, 100676, 100776, 100876, 100976, 101076, 101176, 101276, 101376, 101476 101576, 101676, 101776, 101876, 101976, 102076, 102176, 102276, 102376, 102476, 102576, 102676, 102776, 102876, 102976 103076, 103176, 103276, 103376, 103476, 103576, 103676, 103776, 103876, 103976, 104076, 104176, 104276, 104376, 104476 104576, 104676, 104776, 104876, 104976, 105076, 105176, 105276, 105376, 105476, 105576, 105676, 105776, 105876, 105976 106076, 106176, 106276, 106376, 106476, 106576, 106676, 106776, 106876, 106976, 107076, 107176, 107276, 107376, 107476 107576, 107676, 107776, 107876, 107976, 108076, 108176, 108276, 108376, 108476, 108576, 108676, 108776, 108876, 108976 109076, 109176, 109276, 109376, 109476, 109576, 109676, 109776, 109876, 109976,
100077, 100177, 100277, 100377, 100477, 100577, 100677, 100777, 100877, 100977, 101077, 101177, 101277, 101377, 101477 101577, 101677, 101777, 101877, 101977, 102077, 102177, 102277, 102377, 102477, 102577, 102677, 102777, 102877, 102977 103077, 103177, 103277, 103377, 103477, 103577, 103677, 103777, 103877, 103977, 104077, 104177, 104277, 104377, 104477 104577, 104677, 104777, 104877, 104977, 105077, 105177, 105277, 105377, 105477, 105577, 105677, 105777, 105877, 105977 106077, 106177, 106277, 106377, 106477, 106577, 106677, 106777, 106877, 106977, 107077, 107177, 107277, 107377, 107477 107577, 107677, 107777, 107877, 107977, 108077, 108177, 108277, 108377, 108477, 108577, 108677, 108777, 108877, 108977 109077, 109177, 109277, 109377, 109477, 109577, 109677, 109777, 109877, 109977,
100078, 100178, 100278, 100378, 100478, 100578, 100678, 100778, 100878, 100978, 101078, 101178, 101278, 101378, 101478 101578, 101678, 101778, 101878, 101978, 102078, 102178, 102278, 102378, 102478, 102578, 102678, 102778, 102878, 102978 103078, 103178, 103278, 103378, 103478, 103578, 103678, 103778, 103878, 103978, 104078, 104178, 104278, 104378, 104478 104578, 104678, 104778, 104878, 104978, 105078, 105178, 105278, 105378, 105478, 105578, 105678, 105778, 105878, 105978 106078, 106178, 106278, 106378, 106478, 106578, 106678, 106778, 106878, 106978, 107078, 107178, 107278, 107378, 107478 107578, 107678, 107778, 107878, 107978, 108078, 108178, 108278, 108378, 108478, 108578, 108678, 108778, 108878, 108978 109078, 109178, 109278, 109378, 109478, 109578, 109678, 109778, 109878, 109978,
100079, 100179, 100279, 100379, 100479, 100579, 100679, 100779, 100879, 100979, 101079, 101179, 101279, 101379, 101479 101579, 101679, 101779, 101879, 101979, 102079, 102179, 102279, 102379, 102479, 102579, 102679, 102779, 102879, 102979 103079, 103179, 103279, 103379, 103479, 103579, 103679, 103779, 103879, 103979, 104079, 104179, 104279, 104379, 104479 104579, 104679, 104779, 104879, 104979, 105079, 105179, 105279, 105379, 105479, 105579, 105679, 105779, 105879, 105979 106079, 106179, 106279, 106379, 106479, 106579, 106679, 106779, 106879, 106979, 107079, 107179, 107279, 107379, 107479 107579, 107679, 107779, 107879, 107979, 108079, 108179, 108279, 108379, 108479, 108579, 108679, 108779, 108879, 108979 109079, 109179, 109279, 109379, 109479, 109579, 109679, 109779, 109879, 109979,
100080, 100180, 100280, 100380, 100480, 100580, 100680, 100780, 100880, 100980, 101080, 101180, 101280, 101380, 101480 101580, 101680, 101780, 101880, 101980, 102080, 102180, 102280, 102380, 102480, 102580, 102680, 102780, 102880, 102980 103080, 103180, 103280, 103380, 103480, 103580, 103680, 103780, 103880, 103980, 104080, 104180, 104280, 104380, 104480 104580, 104680, 104780, 104880, 104980, 105080, 105180, 105280, 105380, 105480, 105580, 105680, 105780, 105880, 105980 106080, 106180, 106280, 106380, 106480, 106580, 106680, 106780, 106880, 106980, 107080, 107180, 107280, 107380, 107480 107580, 107680, 107780, 107880, 107980, 108080, 108180, 108280, 108380, 108480, 108580, 108680, 108780, 108880, 108980 109080, 109180, 109280, 109380, 109480, 109580, 109680, 109780, 109880, 109980,
100081, 100181, 100281, 100381, 100481, 100581, 100681, 100781, 100881, 100981, 101081, 101181, 101281, 101381, 101481 101581, 101681, 101781, 101881, 101981, 102081, 102181, 102281, 102381, 102481, 102581, 102681, 102781, 102881, 102981 103081, 103181, 103281, 103381, 103481, 103581, 103681, 103781, 103881, 103981, 104081, 104181, 104281, 104381, 104481 104581, 104681, 104781, 104881, 104981, 105081, 105181, 105281, 105381, 105481, 105581, 105681, 105781, 105881, 105981 106081, 106181, 106281, 106381, 106481, 106581, 106681, 106781, 106881, 106981, 107081, 107181, 107281, 107381, 107481 107581, 107681, 107781, 107881, 107981, 108081, 108181, 108281, 108381, 108481, 108581, 108681, 108781, 108881, 108981 109081, 109181, 109281, 109381, 109481, 109581, 109681, 109781, 109881, 109981,
100082, 100182, 100282, 100382, 100482, 100582, 100682, 100782, 100882, 100982, 101082, 101182, 101282, 101382, 101482 101582, 101682, 101782, 101882, 101982, 102082, 102182, 102282, 102382, 102482, 102582, 102682, 102782, 102882, 102982 103082, 103182, 103282, 103382, 103482, 103582, 103682, 103782, 103882, 103982, 104082, 104182, 104282, 104382, 104482 104582, 104682, 104782, 104882, 104982, 105082, 105182, 105282, 105382, 105482, 105582, 105682, 105782, 105882, 105982 106082, 106182, 106282, 106382, 106482, 106582, 106682, 106782, 106882, 106982, 107082, 107182, 107282, 107382, 107482 107582, 107682, 107782, 107882, 107982, 108082, 108182, 108282, 108382, 108482, 108582, 108682, 108782, 108882, 108982 109082, 109182, 109282, 109382, 109482, 109582, 109682, 109782, 109882, 109982,
100083, 100183, 100283, 100383, 100483, 100583, 100683, 100783, 100883, 100983, 101083, 101183, 101283, 101383, 101483 101583, 101683, 101783, 101883, 101983, 102083, 102183, 102283, 102383, 102483, 102583, 102683, 102783, 102883, 102983 103083, 103183, 103283, 103383, 103483, 103583, 103683, 103783, 103883, 103983, 104083, 104183, 104283, 104383, 104483 104583, 104683, 104783, 104883, 104983, 105083, 105183, 105283, 105383, 105483, 105583, 105683, 105783, 105883, 105983 106083, 106183, 106283, 106383, 106483, 106583, 106683, 106783, 106883, 106983, 107083, 107183, 107283, 107383, 107483 107583, 107683, 107783, 107883, 107983, 108083, 108183, 108283, 108383, 108483, 108583, 108683, 108783, 108883, 108983 109083, 109183, 109283, 109383, 109483, 109583, 109683, 109783, 109883, 109983,
100084, 100184, 100284, 100384, 100484, 100584, 100684, 100784, 100884, 100984, 101084, 101184, 101284, 101384, 101484 101584, 101684, 101784, 101884, 101984, 102084, 102184, 102284, 102384, 102484, 102584, 102684, 102784, 102884, 102984 103084, 103184, 103284, 103384, 103484, 103584, 103684, 103784, 103884, 103984, 104084, 104184, 104284, 104384, 104484 104584, 104684, 104784, 104884, 104984, 105084, 105184, 105284, 105384, 105484, 105584, 105684, 105784, 105884, 105984 106084, 106184, 106284, 106384, 106484, 106584, 106684, 106784, 106884, 106984, 107084, 107184, 107284, 107384, 107484 107584, 107684, 107784, 107884, 107984, 108084, 108184, 108284, 108384, 108484, 108584, 108684, 108784, 108884, 108984 109084, 109184, 109284, 109384, 109484, 109584, 109684, 109784, 109884, 109984,
100085, 100185, 100285, 100385, 100485, 100585, 100685, 100785, 100885, 100985, 101085, 101185, 101285, 101385, 101485 101585, 101685, 101785, 101885, 101985, 102085, 102185, 102285, 102385, 102485, 102585, 102685, 102785, 102885, 102985 103085, 103185, 103285, 103385, 103485, 103585, 103685, 103785, 103885, 103985, 104085, 104185, 104285, 104385, 104485 104585, 104685, 104785, 104885, 104985, 105085, 105185, 105285, 105385, 105485, 105585, 105685, 105785, 105885, 105985 106085, 106185, 106285, 106385, 106485, 106585, 106685, 106785, 106885, 106985, 107085, 107185, 107285, 107385, 107485 107585, 107685, 107785, 107885, 107985, 108085, 108185, 108285, 108385, 108485, 108585, 108685, 108785, 108885, 108985 109085, 109185, 109285, 109385, 109485, 109585, 109685, 109785, 109885, 109985,
100086, 100186, 100286, 100386, 100486, 100586, 100686, 100786, 100886, 100986, 101086, 101186, 101286, 101386, 101486 101586, 101686, 101786, 101886, 101986, 102086, 102186, 102286, 102386, 102486, 102586, 102686, 102786, 102886, 102986 103086, 103186, 103286, 103386, 103486, 103586, 103686, 103786, 103886, 103986, 104086, 104186, 104286, 104386, 104486 104586, 104686, 104786, 104886, 104986, 105086, 105186, 105286, 105386, 105486, 105586, 105686, 105786, 105886, 105986 106086, 106186, 106286, 106386, 106486, 106586, 106686, 106786, 106886, 106986, 107086, 107186, 107286, 107386, 107486 107586, 107686, 107786, 107886, 107986, 108086, 108186, 108286, 108386, 108486, 108586, 108686, 108786, 108886, 108986 109086, 109186, 109286, 109386, 109486, 109586, 109686, 109786, 109886, 109986,
100087, 100187, 100287, 100387, 100487, 100587, 100687, 100787, 100887, 100987, 101087, 101187, 101287, 101387, 101487 101587, 101687, 101787, 101887, 101987, 102087, 102187, 102287, 102387, 102487, 102587, 102687, 102787, 102887, 102987 103087, 103187, 103287, 103387, 103487, 103587, 103687, 103787, 103887, 103987, 104087, 104187, 104287, 104387, 104487 104587, 104687, 104787, 104887, 104987, 105087, 105187, 105287, 105387, 105487, 105587, 105687, 105787, 105887, 105987 106087, 106187, 106287, 106387, 106487, 106587, 106687, 106787, 106887, 106987, 107087, 107187, 107287, 107387, 107487 107587, 107687, 107787, 107887, 107987, 108087, 108187, 108287, 108387, 108487, 108587, 108687, 108787, 108887, 108987 109087, 109187, 109287, 109387, 109487, 109587, 109687, 109787, 109887, 109987,
100088, 100188, 100288, 100388, 100488, 100588, 100688, 100788, 100888, 100988, 101088, 101188, 101288, 101388, 101488 101588, 101688, 101788, 101888, 101988, 102088, 102188, 102288, 102388, 102488, 102588, 102688, 102788, 102888, 102988 103088, 103188, 103288, 103388, 103488, 103588, 103688, 103788, 103888, 103988, 104088, 104188, 104288, 104388, 104488 104588, 104688, 104788, 104888, 104988, 105088, 105188, 105288, 105388, 105488, 105588, 105688, 105788, 105888, 105988 106088, 106188, 106288, 106388, 106488, 106588, 106688, 106788, 106888, 106988, 107088, 107188, 107288, 107388, 107488 107588, 107688, 107788, 107888, 107988, 108088, 108188, 108288, 108388, 108488, 108588, 108688, 108788, 108888, 108988 109088, 109188, 109288, 109388, 109488, 109588, 109688, 109788, 109888, 109988,
100089, 100189, 100289, 100389, 100489, 100589, 100689, 100789, 100889, 100989, 101089, 101189, 101289, 101389, 101489 101589, 101689, 101789, 101889, 101989, 102089, 102189, 102289, 102389, 102489, 102589, 102689, 102789, 102889, 102989 103089, 103189, 103289, 103389, 103489, 103589, 103689, 103789, 103889, 103989, 104089, 104189, 104289, 104389, 104489 104589, 104689, 104789, 104889, 104989, 105089, 105189, 105289, 105389, 105489, 105589, 105689, 105789, 105889, 105989 106089, 106189, 106289, 106389, 106489, 106589, 106689, 106789, 106889, 106989, 107089, 107189, 107289, 107389, 107489 107589, 107689, 107789, 107889, 107989, 108089, 108189, 108289, 108389, 108489, 108589, 108689, 108789, 108889, 108989 109089, 109189, 109289, 109389, 109489, 109589, 109689, 109789, 109889, 109989,
100090, 100190, 100290, 100390, 100490, 100590, 100690, 100790, 100890, 100990, 101090, 101190, 101290, 101390, 101490 101590, 101690, 101790, 101890, 101990, 102090, 102190, 102290, 102390, 102490, 102590, 102690, 102790, 102890, 102990 103090, 103190, 103290, 103390, 103490, 103590, 103690, 103790, 103890, 103990, 104090, 104190, 104290, 104390, 104490 104590, 104690, 104790, 104890, 104990, 105090, 105190, 105290, 105390, 105490, 105590, 105690, 105790, 105890, 105990 106090, 106190, 106290, 106390, 106490, 106590, 106690, 106790, 106890, 106990, 107090, 107190, 107290, 107390, 107490 107590, 107690, 107790, 107890, 107990, 108090, 108190, 108290, 108390, 108490, 108590, 108690, 108790, 108890, 108990 109090, 109190, 109290, 109390, 109490, 109590, 109690, 109790, 109890, 109990,
100091, 100191, 100291, 100391, 100491, 100591, 100691, 100791, 100891, 100991, 101091, 101191, 101291, 101391, 101491 101591, 101691, 101791, 101891, 101991, 102091, 102191, 102291, 102391, 102491, 102591, 102691, 102791, 102891, 102991 103091, 103191, 103291, 103391, 103491, 103591, 103691, 103791, 103891, 103991, 104091, 104191, 104291, 104391, 104491 104591, 104691, 104791, 104891, 104991, 105091, 105191, 105291, 105391, 105491, 105591, 105691, 105791, 105891, 105991 106091, 106191, 106291, 106391, 106491, 106591, 106691, 106791, 106891, 106991, 107091, 107191, 107291, 107391, 107491 107591, 107691, 107791, 107891, 107991, 108091, 108191, 108291, 108391, 108491, 108591, 108691, 108791, 108891, 108991 109091, 109191, 109291, 109391, 109491, 109591, 109691, 109791, 109891, 109991,
100092, 100192, 100292, 100392, 100492, 100592, 100692, 100792, 100892, 100992, 101092, 101192, 101292, 101392, 101492 101592, 101692, 101792, 101892, 101992, 102092, 102192, 102292, 102392, 102492, 102592, 102692, 102792, 102892, 102992 103092, 103192, 103292, 103392, 103492, 103592, 103692, 103792, 103892, 103992, 104092, 104192, 104292, 104392, 104492 104592, 104692, 104792, 104892, 104992, 105092, 105192, 105292, 105392, 105492, 105592, 105692, 105792, 105892, 105992 106092, 106192, 106292, 106392, 106492, 106592, 106692, 106792, 106892, 106992, 107092, 107192, 107292, 107392, 107492 107592, 107692, 107792, 107892, 107992, 108092, 108192, 108292, 108392, 108492, 108592, 108692, 108792, 108892, 108992 109092, 109192, 109292, 109392, 109492, 109592, 109692, 109792, 109892, 109992,
100093, 100193, 100293, 100393, 100493, 100593, 100693, 100793, 100893, 100993, 101093, 101193, 101293, 101393, 101493 101593, 101693, 101793, 101893, 101993, 102093, 102193, 102293, 102393, 102493, 102593, 102693, 102793, 102893, 102993 103093, 103193, 103293, 103393, 103493, 103593, 103693, 103793, 103893, 103993, 104093, 104193, 104293, 104393, 104493 104593, 104693, 104793, 104893, 104993, 105093, 105193, 105293, 105393, 105493, 105593, 105693, 105793, 105893, 105993 106093, 106193, 106293, 106393, 106493, 106593, 106693, 106793, 106893, 106993, 107093, 107193, 107293, 107393, 107493 107593, 107693, 107793, 107893, 107993, 108093, 108193, 108293, 108393, 108493, 108593, 108693, 108793, 108893, 108993 109093, 109193, 109293, 109393, 109493, 109593, 109693, 109793, 109893, 109993,
100094, 100194, 100294, 100394, 100494, 100594, 100694, 100794, 100894, 100994, 101094, 101194, 101294, 101394, 101494 101594, 101694, 101794, 101894, 101994, 102094, 102194, 102294, 102394, 102494, 102594, 102694, 102794, 102894, 102994 103094, 103194, 103294, 103394, 103494, 103594, 103694, 103794, 103894, 103994, 104094, 104194, 104294, 104394, 104494 104594, 104694, 104794, 104894, 104994, 105094, 105194, 105294, 105394, 105494, 105594, 105694, 105794, 105894, 105994 106094, 106194, 106294, 106394, 106494, 106594, 106694, 106794, 106894, 106994, 107094, 107194, 107294, 107394, 107494 107594, 107694, 107794, 107894, 107994, 108094, 108194, 108294, 108394, 108494, 108594, 108694, 108794, 108894, 108994 109094, 109194, 109294, 109394, 109494, 109594, 109694, 109794, 109894, 109994,
100095, 100195, 100295, 100395, 100495, 100595, 100695, 100795, 100895, 100995, 101095, 101195, 101295, 101395, 101495 101595, 101695, 101795, 101895, 101995, 102095, 102195, 102295, 102395, 102495, 102595, 102695, 102795, 102895, 102995 103095, 103195, 103295, 103395, 103495, 103595, 103695, 103795, 103895, 103995, 104095, 104195, 104295, 104395, 104495 104595, 104695, 104795, 104895, 104995, 105095, 105195, 105295, 105395, 105495, 105595, 105695, 105795, 105895, 105995 106095, 106195, 106295, 106395, 106495, 106595, 106695, 106795, 106895, 106995, 107095, 107195, 107295, 107395, 107495 107595, 107695, 107795, 107895, 107995, 108095, 108195, 108295, 108395, 108495, 108595, 108695, 108795, 108895, 108995 109095, 109195, 109295, 109395, 109495, 109595, 109695, 109795, 109895, 109995,
100096, 100196, 100296, 100396, 100496, 100596, 100696, 100796, 100896, 100996, 101096, 101196, 101296, 101396, 101496 101596, 101696, 101796, 101896, 101996, 102096, 102196, 102296, 102396, 102496, 102596, 102696, 102796, 102896, 102996 103096, 103196, 103296, 103396, 103496, 103596, 103696, 103796, 103896, 103996, 104096, 104196, 104296, 104396, 104496 104596, 104696, 104796, 104896, 104996, 105096, 105196, 105296, 105396, 105496, 105596, 105696, 105796, 105896, 105996 106096, 106196, 106296, 106396, 106496, 106596, 106696, 106796, 106896, 106996, 107096, 107196, 107296, 107396, 107496 107596, 107696, 107796, 107896, 107996, 108096, 108196, 108296, 108396, 108496, 108596, 108696, 108796, 108896, 108996 109096, 109196, 109296, 109396, 109496, 109596, 109696, 109796, 109896, 109996,
100097, 100197, 100297, 100397, 100497, 100597, 100697, 100797, 100897, 100997, 101097, 101197, 101297, 101397, 101497 101597, 101697, 101797, 101897, 101997, 102097, 102197, 102297, 102397, 102497, 102597, 102697, 102797, 102897, 102997 103097, 103197, 103297, 103397, 103497, 103597, 103697, 103797, 103897, 103997, 104097, 104197, 104297, 104397, 104497 104597, 104697, 104797, 104897, 104997, 105097, 105197, 105297, 105397, 105497, 105597, 105697, 105797, 105897, 105997 106097, 106197, 106297, 106397, 106497, 106597, 106697, 106797, 106897, 106997, 107097, 107197, 107297, 107397, 107497 107597, 107697, 107797, 107897, 107997, 108097, 108197, 108297, 108397, 108497, 108597, 108697, 108797, 108897, 108997 109097, 109197, 109297, 109397, 109497, 109597, 109697, 109797, 109897, 109997,
100098, 100198, 100298, 100398, 100498, 100598, 100698, 100798, 100898, 100998, 101098, 101198, 101298, 101398, 101498 101598, 101698, 101798, 101898, 101998, 102098, 102198, 102298, 102398, 102498, 102598, 102698, 102798, 102898, 102998 103098, 103198, 103298, 103398, 103498, 103598, 103698, 103798, 103898, 103998, 104098, 104198, 104298, 104398, 104498 104598, 104698, 104798, 104898, 104998, 105098, 105198, 105298, 105398, 105498, 105598, 105698, 105798, 105898, 105998 106098, 106198, 106298, 106398, 106498, 106598, 106698, 106798, 106898, 106998, 107098, 107198, 107298, 107398, 107498 107598, 107698, 107798, 107898, 107998, 108098, 108198, 108298, 108398, 108498, 108598, 108698, 108798, 108898, 108998 109098, 109198, 109298, 109398, 109498, 109598, 109698, 109798, 109898, 109998,
100099, 100199, 100299, 100399, 100499, 100599, 100699, 100799, 100899, 100999, 101099, 101199, 101299, 101399, 101499 101599, 101699, 101799, 101899, 101999, 102099, 102199, 102299, 102399, 102499, 102599, 102699, 102799, 102899, 102999 103099, 103199, 103299, 103399, 103499, 103599, 103699, 103799, 103899, 103999, 104099, 104199, 104299, 104399, 104499 104599, 104699, 104799, 104899, 104999, 105099, 105199, 105299, 105399, 105499, 105599, 105699, 105799, 105899, 105999 106099, 106199, 106299, 106399, 106499, 106599, 106699, 106799, 106899, 106999, 107099, 107199, 107299, 107399, 107499 107599, 107699, 107799, 107899, 107999, 108099, 108199, 108299, 108399, 108499, 108599, 108699, 108799, 108899, 108999 109099, 109199, 109299, 109399, 109499, 109599, 109699, 109799, 109899, 109999,